"서울시 기준일","서울시 확진자","서울시 추가 확진","서울시 치료중","서울시 퇴원","서울시 추가 퇴원","서울시 사망","서울시 의심환자 전체","서울시 의심환자 검사중","서울시 의심환자 검사결과(음성)","전국 기준일","전국 확진","전국 추가 확진","전국 치료중","전국 퇴원","전국 사망","전국 의심환자 전체","전국 의심환자 검사중","전국 의심환자 검사결과(음성)","자가격리자 해외입국자 감시중","자가격리자 해외입국자 감시해제","자가격리자 접촉자 감시중","자가격리자 접촉자 감시해제","확인중 확진자"
"21.04.26.00","37010","154","2759","33806","34","445","","","","21.04.26.00","119387","500","8720","108850","1817","","","","","","","","0"
"21.04.25.00","36856","175","2640","33772","272","444","","","","21.04.25.00","118887","644","8599","108475","1813","","","","","","","","0"
"21.04.24.00","36681","253","2737","33500","271","444","","","","21.04.24.00","118243","785","8650","107781","1812","","","","","","","","0"
"21.04.23.00","36428","204","2755","33229","167","444","","","","21.04.23.00","117458","797","8576","107071","1811","","","","","","","","0"
"21.04.22.00","36224","230","2719","33062","171","443","","","","21.04.22.00","116661","735","8394","106459","1808","","","","","","","","0"
"21.04.21.00","35994","218","2660","32891","248","443","","","","21.04.21.00","115926","731","8243","105877","1806","","","","","","","","0"
"21.04.20.00","35776","148","2690","32643","180","443","","","","21.04.20.00","115195","549","8166","105227","1802","","","","","","","","0"
"21.04.19.00","35628","137","2722","32463","86","443","","","","21.04.19.00","114646","532","8371","104474","1801","","","","","","","","0"
"21.04.18.00","35492","205","2672","32377","77","443","","","","21.04.18.00","114115","672","8312","104006","1797","","","","","","","","0"
"21.04.17.00","35287","217","2544","32300","147","443","","","","21.04.17.00","113444","658","8056","103594","1794","","","","","","","","0"
"21.04.16.00","35070","216","2475","32153","228","442","","","","21.04.16.00","112789","673","7937","103062","1790","","","","","","","","0"
"21.04.15.00","34855","217","2490","31925","192","440","","","","21.04.15.00","112117","698","7816","102513","1788","","","","","","","","0"
"21.04.14.00","34638","247","2467","31733","249","438","","","","21.04.14.00","111419","731","7654","101983","1782","","","","","","","","0"
"21.04.13.00","34391","158","2470","31484","179","437","","","","21.04.13.00","110688","542","7581","101332","1775","","","","","","","","0"
"21.04.12.00","34233","162","2493","31305","49","435","","","","21.04.12.00","110146","587","7572","100804","1770","","","","","","","","0"
"21.04.11.00","34071","214","2381","31256","473","434","","","","21.04.11.00","109559","614","7682","100109","1768","","","","","","","","0"
"21.04.10.00","33857","201","2640","30783","132","434","","","","21.04.10.00","108945","677","7879","99301","1765","","","","","","","","0"
"21.04.09.00","33656","215","2571","30651","110","434","","","","21.04.09.00","108269","671","7719","98786","1764","","","","","","","","0"
"21.04.08.00","33441","244","2469","30541","111","431","","","","21.04.08.00","107598","700","7480","98360","1758","","","","","","","","0"
"21.04.07.00","33197","198","2336","30430","127","431","","","","21.04.07.00","106898","668","7214","97928","1756","","","","","","","","0"
"21.04.06.00","32999","147","2267","30303","131","429","","","","21.04.06.00","106230","478","7115","97363","1752","","","","","","","","0"
"21.04.05.00","32852","152","2251","30172","71","429","","","","21.04.05.00","105752","473","7104","96900","1748","","","","","","","","0"
"21.04.04.00","32700","149","2170","30101","125","429","","","","21.04.04.00","105279","543","6946","96589","1744","","","","","","","","0"
"21.04.03.00","32551","155","2148","29976","78","427","","","","21.04.03.00","104736","543","6800","96196","1740","","","","","","","","0"
"21.04.02.00","32397","167","2073","29898","116","426","","","","21.04.02.00","104194","558","6596","95861","1737","","","","","","","","0"
"21.04.01.00","32233","199","2026","29782","88","425","","","","21.04.01.00","103639","551","6465","95439","1735","","","","","","","","0"
"21.03.31.00","32034","158","1916","29694","136","424","","","","21.03.31.00","103088","506","6327","95030","1731","","","","","","","","0"
"21.03.30.00","31876","145","1894","29558","119","424","","","","21.03.30.00","102582","447","6290","94563","1729","","","","","","","","0"
"21.03.29.00","31731","107","1869","29439","53","423","","","","21.03.29.00","102141","384","6291","94124","1726","","","","","","","","0"
"21.03.28.00","31624","138","1815","29386","68","423","","","","21.03.28.00","101757","482","6180","93855","1722","","","","","","","","0"
"21.03.27.00","31486","127","1746","29318","115","422","","","","21.03.27.00","101275","505","6079","93475","1721","","","","","","","","0"
"21.03.26.00","31359","122","1736","29203","277","420","","","","21.03.26.00","100770","494","6424","92630","1716","","","","","","","","0"
"21.03.25.00","31237","127","1893","28926","191","418","","","","21.03.25.00","100276","430","6499","92068","1709","","","","","","","","0"
"21.03.24.00","31110","137","1958","28735","127","417","","","","21.03.24.00","99846","428","6579","91560","1707","","","","","","","","0"
"21.03.23.00","30976","97","1953","28608","142","415","","","","21.03.23.00","99421","346","6638","91079","1704","","","","","","","","0"
"21.03.22.00","30879","109","1998","28466","80","415","","","","21.03.22.00","99075","415","6767","90611","1697","","","","","","","","0"
"21.03.21.00","30775","125","1975","28386","68","414","","","","21.03.21.00","98665","456","6641","90328","1696","","","","","","","","0"
"21.03.20.00","30650","120","1919","28318","132","413","","","","21.03.20.00","98209","452","6567","89949","1693","","","","","","","","0"
"21.03.19.00","30530","146","1931","28186","78","413","","","","21.03.19.00","97757","463","6544","89523","1690","","","","","","","","0"
"21.03.18.00","30384","124","1864","28108","121","412","","","","21.03.18.00","97294","445","6428","89178","1688","","","","","","","","0"
"21.03.17.00","30260","120","1861","27987","253","412","","","","21.03.17.00","96849","469","6349","88814","1686","","","","","","","","0"
"21.03.16.00","30140","79","1997","27734","208","409","","","","21.03.16.00","96380","363","6447","88255","1678","","","","","","","","0"
"21.03.15.00","30061","112","2128","27526","78","407","","","","21.03.15.00","96017","382","6588","87754","1675","","","","","","","","0"
"21.03.14.00","29949","112","2097","27448","251","404","","","","21.03.14.00","95635","459","6558","87408","1669","","","","","","","","0"
"21.03.13.00","29837","140","2237","27197","480","403","","","","21.03.13.00","95176","490","6884","86625","1667","","","","","","","","0"
"21.03.12.00","29697","140","2580","26717","504","400","","","","21.03.12.00","94686","488","7281","85743","1662","","","","","","","","0"
"21.03.11.00","29557","138","2945","26213","93","399","","","","21.03.11.00","94198","465","7871","84675","1652","","","","","","","","0"
"21.03.10.00","29419","138","2901","26120","151","398","","","","21.03.10.00","93733","470","7773","84312","1648","","","","","","","","0"
"21.03.09.00","29281","102","2916","25969","174","396","","","","21.03.09.00","93263","446","7718","83900","1645","","","","","","","","0"
"21.03.08.00","29179","100","2988","25795","87","396","","","","21.03.08.00","92817","346","7701","83474","1642","","","","","","","","0"
"21.03.07.00","29079","132","2977","25708","80","394","","","","21.03.07.00","92471","416","7617","83220","1634","","","","","","","","0"
"21.03.06.00","28947","128","2926","25628","82","393","","","","21.03.06.00","92055","418","7510","82913","1632","","","","","","","","0"
"21.03.05.00","28820","129","2883","25546","127","391","","","","21.03.05.00","91638","398","7451","82560","1627","","","","","","","","0"
"21.03.04.00","28691","118","2884","25419","168","388","","","","21.03.04.00","91240","424","7459","82162","1619","","","","","","","","0"
"21.03.03.00","28573","119","2937","25251","99","385","","","","21.03.03.00","90816","444","7504","81700","1612","","","","","","","","0"
"21.03.02.00","28454","122","2921","25152","65","381","","","","21.03.02.00","90372","344","7428","81338","1606","","","","","","","","0"
"21.03.01.00","28332","92","2864","25087","70","381","","","","21.03.01.00","90029","355","7354","81070","1605","","","","","","","","0"
"21.02.28.00","28240","120","2843","25017","71","380","","","","21.02.28.00","89676","356","7376","80697","1603","","","","","","","","0"
"21.02.27.00","28120","131","2796","24946","138","378","","","","21.02.27.00","89321","415","7393","80333","1595","","","","","","","","0"
"21.02.26.00","27989","132","2806","24808","156","375","","","","21.02.26.00","88922","406","7457","79880","1585","","","","","","","","0"
"21.02.25.00","27857","122","2832","24652","203","373","","","","21.02.25.00","88516","396","7448","79487","1581","","","","","","","","0"
"21.02.24.00","27735","144","2914","24449","474","372","","","","21.02.24.00","88120","440","7494","79050","1576","","","","","","","","0"
"21.02.23.00","27592","126","3246","23975","270","371","","","","21.02.23.00","87681","357","7714","78394","1573","","","","","","","","0"
"21.02.22.00","27466","106","3392","23705","152","369","","","","21.02.22.00","87324","332","7875","77887","1562","","","","","","","","0"
"21.02.21.00","27360","130","3442","23553","154","365","","","","21.02.21.00","86992","416","7919","77516","1557","","","","","","","","0"
"21.02.20.00","27230","123","3466","23399","321","365","","","","21.02.20.00","86574","446","7938","77083","1553","","","","","","","","0"
"21.02.19.00","27107","180","3665","23078","391","364","","","","21.02.19.00","86128","561","8065","76513","1550","","","","","","","","0"
"21.02.18.00","26927","185","3878","22687","257","362","","","","21.02.18.00","85567","621","8127","75896","1544","","","","","","","","0"
"21.02.17.00","26742","258","3952","22430","398","360","","","","21.02.17.00","84946","621","8048","75360","1538","","","","","","","","0"
"21.02.16.00","26484","161","4093","22032","145","359","","","","21.02.16.00","84325","457","8240","74551","1534","","","","","","","","0"
"21.02.15.00","26324","151","4081","21887","72","356","","","","21.02.15.00","83869","344","8548","73794","1527","","","","","","","","0"
"21.02.14.00","26173","152","4003","21815","89","355","","","","21.02.14.00","83525","326","8444","73559","1522","","","","","","","","0"
"21.02.13.00","26021","136","3943","21726","78","352","","","","21.02.13.00","83199","362","8458","73227","1514","","","","","","","","0"
"21.02.12.00","25885","158","3886","21648","100","351","","","","21.02.12.00","82837","403","8394","72936","1507","","","","","","","","0"
"21.02.11.00","25727","183","3832","21548","71","347","","","","21.02.11.00","82434","504","8300","72638","1496","","","","","","","","0"
"21.02.10.00","25544","175","3724","21477","159","343","","","","21.02.10.00","81930","444","8218","72226","1486","","","","","","","","0"
"21.02.09.00","25369","90","3710","21318","133","341","","10711","354960","21.02.09.00","81487","303","8329","71676","1482","","16396","1597281","7891","97189","2294","35407","0"
"21.02.08.00","25279","112","3755","21185","93","339","","10711","354960","21.02.08.00","81190","289","8498","71218","1474","","16396","1597281","7891","97189","2294","35407","0"
"21.02.07.00","25167","144","3737","21092","83","338","","10711","354960","21.02.07.00","80896","372","8560","70865","1471","","16396","1597281","7891","97189","2294","35407","0"
"21.02.06.00","25023","143","3681","21009","98","333","","10711","354960","21.02.06.00","80524","393","8555","70505","1464","","16396","1597281","7891","97189","2294","35407","0"
"21.02.05.00","24880","126","3637","20911","140","332","","10711","354960","21.02.05.00","80131","370","8555","70117","1459","","16396","1597281","7891","97189","2294","35407","0"
"21.02.04.00","24755","172","3655","20771","78","329","","10711","354960","21.02.04.00","79762","451","8610","69704","1448","","16396","1597281","7891","97189","2294","35407","0"
"21.02.03.00","24583","188","3563","20693","208","327","","10711","354960","21.02.03.00","79311","467","8571","69299","1441","","16396","1597281","7891","97189","2294","35407","0"
"21.02.02.00","24395","128","3584","20485","155","326","","10711","354960","21.02.02.00","78844","336","8634","68775","1435","","16396","1597281","7891","97189","2294","35407","0"
"21.02.01.00","24267","107","3612","20330","242","325","","10711","354960","21.02.01.00","78508","305","8774","68309","1425","","16396","1597281","7891","97189","2294","35407","0"
"21.01.31.00","24162","101","3750","20088","494","324","","10711","354960","21.01.31.00","78205","355","8907","67878","1420","","16396","1597281","7891","97189","2294","35407","0"
"21.01.30.00","24061","154","4144","19594","108","323","","10711","354960","21.01.30.00","77850","458","9315","67121","1414","","16396","1597281","7891","97189","2294","35407","0"
"21.01.29.00","23908","112","4105","19486","157","317","","10711","354960","21.01.29.00","77395","469","9493","66503","1399","","16396","1597281","7891","97189","2294","35407","0"
"21.01.28.00","23797","105","4157","19329","171","311","","10711","354960","21.01.28.00","76926","497","9524","66016","1386","","16396","1597281","7891","97189","2294","35407","0"
"21.01.27.00","23692","129","4227","19158","130","307","","10711","354960","21.01.27.00","76429","559","9573","65478","1378","","16396","1597281","7891","97189","2294","35407","0"
"21.01.26.00","23563","104","4231","19028","402","304","","10711","354960","21.01.26.00","75875","354","9711","64793","1371","","16396","1597281","7891","97189","2294","35407","0"
"21.01.25.00","23459","102","4532","18626","172","301","","10711","354960","21.01.25.00","75521","437","11205","62956","1360","","16396","1597281","7891","97189","2294","35407","0"
"21.01.24.00","23357","133","4606","18454","160","297","","10711","354960","21.01.24.00","75084","392","11205","62530","1349","","16396","1597281","7891","97189","2294","35407","0"
"21.01.23.00","23224","127","4636","18294","138","294","","10711","354960","21.01.23.00","74692","431","11311","62044","1337","","16396","1597281","7891","97189","2294","35407","0"
"21.01.22.00","23097","115","4651","18156","169","290","","10711","354960","21.01.22.00","74262","346","11519","61415","1328","","16396","1597281","7891","97189","2294","35407","0"
"21.01.21.00","22984","125","4712","17987","225","285","","10711","354960","21.01.21.00","73918","401","11756","60846","1316","","16396","1597281","7891","97189","2294","35407","0"
"21.01.20.00","22859","143","4818","17762","275","279","","10711","354960","21.01.20.00","73518","404","12038","60180","1300","","16396","1597281","7891","97189","2294","35407","0"
"21.01.19.00","22717","101","4953","17487","276","277","","10711","354960","21.01.19.00","73115","386","12364","59468","1283","","16396","1597281","7891","97189","2294","35407","0"
"21.01.18.00","22616","132","5134","17211","118","271","","10711","354960","21.01.18.00","72729","389","12742","58723","1264","","16396","1597281","7891","97189","2294","35407","0"
"21.01.17.00","22484","145","5126","17093","208","265","","10711","354960","21.01.17.00","72340","520","12838","58253","1249","","16396","1597281","7891","97189","2294","35407","0"
"21.01.16.00","22339","156","5192","16885","367","262","","10711","354960","21.01.16.00","71820","580","13030","57554","1236","","16396","1597281","7891","97189","2294","35407","0"
"21.01.15.00","22183","127","5411","16518","214","254","","10711","354960","21.01.15.00","71241","513","13488","56536","1217","","16396","1597281","7891","97189","2294","35407","0"
"21.01.14.00","22056","134","5500","16304","217","252","","10711","354960","21.01.14.00","70728","524","13761","55772","1195","","16396","1597281","7891","97189","2294","35407","0"
"21.01.13.00","21771","152","5434","16087","149","250","","10711","354960","21.01.13.00","70212","562","14391","54636","1185","","16396","1597281","7891","97189","2294","35407","0"
"21.01.12.00","21771","167","5585","15938","404","248","","10711","354960","21.01.12.00","69651","537","14917","53569","1165","","16396","1597281","7891","97189","2294","35407","0"
"21.01.11.00","21604","141","5832","15534","1734","238","","10711","354960","21.01.11.00","69114","451","15422","52552","1140","","16396","1597281","7891","97189","2294","35407","0"
"21.01.10.00","21463","187","7433","13800","541","230","","10711","354960","21.01.10.00","68664","665","17130","50409","1125","","16396","1597281","7891","97189","2294","35407","0"
"21.01.09.00","21276","188","7794","13259","454","223","","10711","354960","21.01.09.00","67999","641","17575","49324","1100","","16396","1597281","7891","97189","2294","35407","0"
"21.01.08.00","21088","191","8060","12805","262","223","","10711","354960","21.01.08.00","67358","674","17908","48369","1081","","16396","1597281","7891","97189","2294","35407","0"
"21.01.07.00","20899","298","8143","12543","114","213","","10711","354960","21.01.07.00","66686","870","17991","47649","1046","","16396","1597281","7891","97189","2294","35407","0"
"21.01.06.00","20602","264","7966","12429","334","207","","10711","354960","21.01.06.00","65818","840","17796","46995","1027","","16396","1597281","7891","97189","2294","35407","0"
"21.01.05.00","20338","199","8039","12095","374","204","","10711","354960","21.01.05.00","64979","715","17800","46172","1007","","16396","1597281","7891","97189","2294","35407","0"
"21.01.04.00","20138","329","8224","11721","200","193","","10711","354960","21.01.04.00","64264","1020","18043","45240","981","","16396","1597281","7891","97189","2294","35407","0"
"21.01.03.00","19809","197","8099","11521","669","189","","10711","354960","21.01.03.00","63244","657","17775","44507","962","","16396","1597281","7891","97189","2294","35407","0"
"21.01.02.00","19614","251","8576","10852","65","186","","10711","354960","21.01.02.00","62593","824","18073","43578","942","","16396","1597281","7891","97189","2294","35407","0"
"21.01.01.00","19363","359","8394","10787","346","182","","10711","354960","21.01.01.00","61769","1029","17899","42953","917","","16396","1597281","7891","97189","2294","35407","0"
"20.12.31.00","19004","366","8386","10441","316","177","","10711","354960","20.12.31.00","60740","967","17569","42271","900","","16396","1597281","7891","97189","2294","35407","0"
"20.12.30.00","18638","387","8341","10125","115","172","","10711","354960","20.12.30.00","59773","1050","17459","41435","879","","16396","1597281","7891","97189","2294","35407","0"
"20.12.29.00","18253","523","8076","10010","399","167","","10711","354960","20.12.29.00","58725","1046","17163","40703","859","","16396","1597281","7891","97189","2294","35407","0"
"20.12.28.00","17731","301","7961","9611","22","159","","10711","354960","20.12.28.00","57680","808","17593","39268","819","","16396","1597281","7891","97189","2294","35407","0"
"20.12.27.00","17430","362","7684","9589","109","157","","10711","354960","20.12.27.00","56872","970","17024","39040","808","","16396","1597281","7891","97189","2294","35407","0"
"20.12.26.00","17068","466","7433","9480","160","155","","10711","354960","20.12.26.00","55902","1132","16577","38532","793","","16396","1597281","7891","97189","2294","35407","0"
"20.12.25.00","16602","552","7134","9320","149","148","","10711","354960","20.12.25.00","54770","1216","15949","38048","773","","16396","1597281","7891","97189","2294","35407","0"
"20.12.24.00","16050","319","6732","9171","307","147","","10711","354960","20.12.24.00","53533","985","15352","37425","756","","16396","1597281","7891","97189","2294","35407","0"
"20.12.23.00","15732","376","6723","8864","302","145","","10711","354960","20.12.23.00","52550","1092","15085","36726","739","","16396","1597281","7891","97189","2294","35407","0"
"20.12.22.00","15356","317","6650","8562","192","144","","10711","354960","20.12.22.00","51460","869","14810","35928","722","","16396","1597281","7891","97189","2294","35407","0"
"20.12.21.00","15039","328","6533","8370","150","136","","10711","354960","20.12.21.00","50591","926","14738","35155","698","","16396","1597281","7891","97189","2294","35407","0"
"20.12.20.00","14713","473","6363","8220","189","130","","10711","354960","20.12.20.00","49665","1097","14269","34722","674","","16396","1597281","7891","97189","2294","35407","0"
"20.12.19.00","14240","384","6081","8031","35","128","","10711","354960","20.12.19.00","48570","1053","13577","34334","659","","16396","1597281","7891","97189","2294","35407","0"
"20.12.18.00","13856","398","5734","7996","75","126","","10711","354960","20.12.18.00","47515","1062","12888","33982","645","","16396","1597281","7891","97189","2294","35407","0"
"20.12.17.00","13458","423","5412","7921","231","125","","10711","354960","20.12.17.00","46453","1014","12209","33610","634","","16396","1597281","7891","97189","2294","35407","0"
"20.12.16.00","13035","378","5225","7690","26","120","","10711","354960","20.12.16.00","45442","1078","11883","32947","612","","16396","1597281","7891","97189","2294","35407","0"
"20.12.15.00","12657","251","4878","7664","91","115","","10711","354960","20.12.15.00","44364","880","11205","32559","600","","16396","1597281","7891","97189","2294","35407","0"
"20.12.14.00","12406","219","4721","7573","34","112","","10711","354960","20.12.14.00","43484","718","10795","32102","587","","16396","1597281","7891","97189","2294","35407","0"
"20.12.13.00","12187","399","4588","7490","34","109","","10711","354960","20.12.13.00","42766","1030","10372","31814","580","","16396","1597281","7891","97189","2294","35407","0"
"20.12.12.00","11788","362","4223","7456","25","109","","10711","354960","20.12.12.00","41736","950","9665","31493","578","","16396","1597281","7891","97189","2294","35407","0"
"20.12.11.00","11426","252","3889","7431","145","106","","10711","354960","20.12.11.00","40786","689","9057","31157","572","","16396","1597281","7891","97189","2294","35407","0"
"20.12.10.00","11175","251","3784","7286","69","105","","10711","354960","20.12.10.00","40098","682","8897","30637","564","","16396","1597281","7891","97189","2294","35407","0"
"20.12.09.00","10932","270","3610","7217","188","105","","10711","354960","20.12.09.00","39432","686","8699","30177","556","","16396","1597281","7891","97189","2294","35407","0"
"20.12.08.00","10663","214","3530","7029","77","104","","10711","354960","20.12.08.00","38755","594","8553","29650","552","","16396","1597281","7891","97189","2294","35407","0"
"20.12.07.00","10449","244","3395","6952","32","102","","10711","354960","20.12.07.00","38161","615","8311","29301","549","","16396","1597281","7891","97189","2294","35407","0"
"20.12.06.00","10205","254","3184","6920","33","101","","10711","354960","20.12.06.00","37546","631","7873","29128","545","","16396","1597281","7891","97189","2294","35407","0"
"20.12.05.00","9951","235","2964","6887","113","100","","10711","354960","20.12.05.00","36915","583","7458","28917","540","","16396","1597281","7891","97189","2294","35407","0"
"20.12.04.00","9716","295","2845","6774","55","97","","10711","354960","20.12.04.00","36332","629","7185","28611","536","","16396","1597281","7891","97189","2294","35407","0"
"20.12.03.00","9421","262","2607","6719","94","95","","10711","354960","20.12.03.00","35703","540","6822","28352","529","","16396","1597281","7891","97189","2294","35407","0"
"20.12.02.00","9159","193","2441","6625","5","93","","10711","354960","20.12.02.00","35163","511","6572","28065","526","","16396","1597281","7891","97189","2294","35407","0"
"20.12.01.00","8966","155","2253","6620","86","93","","10711","354960","20.12.01.00","34652","451","6241","27885","526","","16396","1597281","7891","97189","2294","35407","0"
"20.11.30.00","8811","159","2184","6534","5","93","","10711","354960","20.11.30.00","34201","438","6022","27653","526","","16396","1597281","7891","97189","2294","35407","0"
"20.11.29.00","8652","158","2031","6529","56","92","","10711","354960","20.11.29.00","33824","450","5759","27542","523","","16396","1597281","7891","97189","2294","35407","0"
"20.11.28.00","8494","178","1948","6455","91","91","","10711","354960","20.11.28.00","33375","504","5504","27349","522","","16396","1597281","7891","97189","2294","35407","0"
"20.11.27.00","8317","204","1865","6364","64","88","","10711","354960","20.11.27.00","32887","569","5268","27103","516","","16396","1597281","7891","97189","2294","35407","0"
"20.11.26.00","8113","213","1725","6300","42","88","","10711","354960","20.11.26.00","32318","583","4853","26950","515","","16396","1597281","7891","97189","2294","35407","0"
"20.11.25.00","7900","142","1555","6258","23","87","","10711","354960","20.11.25.00","31735","382","4397","26825","513","","16396","1597281","7891","97189","2294","35407","0"
"20.11.24.00","7758","133","1436","6235","63","87","","10711","354960","20.11.24.00","31353","349","4121","26722","510","","16396","1597281","7891","97189","2294","35407","0"
"20.11.23.00","7625","112","1367","6172","1","86","","10711","354960","20.11.23.00","31004","271","3956","26539","509","","16396","1597281","7891","97189","2294","35407","0"
"20.11.22.00","7513","121","1292","6136","35","85","","10711","354960","20.11.22.00","30733","330","3762","26466","505","","16396","1597281","7891","97189","2294","35407","0"
"20.11.21.00","7392","156","1171","6136","27","85","","10711","354960","20.11.21.00","30403","386","3535","26365","503","","16396","1597281","7891","97189","2294","35407","0"
"20.11.20.00","7236","132","1043","6109","97","84","","10711","354960","20.11.20.00","30017","363","3253","26263","501","","16396","1597281","7891","97189","2294","35407","0"
"20.11.19.00","7104","109","1009","6012","44","83","","10711","354960","20.11.19.00","29654","343","3058","26098","498","","16396","1597281","7891","97189","2294","35407","0"
"20.11.18.00","6995","92","945","5968","45","82","","10711","354960","20.11.18.00","29311","313","2842","25973","496","","16396","1597281","7891","97189","2294","35407","0"
"20.11.17.00","6903","90","899","5923","38","81","","10711","354960","20.11.17.00","28998","230","2644","25860","494","","16396","1597281","7891","97189","2294","35407","0"
"20.11.16.00","6814","81","848","5885","11","81","","10711","354960","20.11.16.00","28769","223","2516","25759","494","","16396","1597281","7891","97189","2294","35407","0"
"20.11.15.00","6733","85","778","5874","21","81","","10711","354960","20.11.15.00","28546","208","2362","25691","493","","16396","1597281","7891","97189","2294","35407","0"
"20.11.14.00","6648","69","715","5853","27","80","","10711","354960","20.11.14.00","28338","205","2210","25636","492","","16396","1597281","7891","97189","2294","35407","0"
"20.11.13.00","6579","74","674","5826","50","79","","10711","354960","20.11.13.00","28133","191","2108","25537","488","","16396","1597281","7891","97189","2294","35407","0"
"20.11.12.00","6505","53","650","5776","41","79","","10711","354960","20.11.12.00","27942","143","2051","25404","487","","16396","1597281","7891","97189","2294","35407","0"
"20.11.11.00","6452","45","638","5735","32","79","","10711","354960","20.11.11.00","27799","146","2046","25266","487","","16396","1597281","7891","97189","2294","35407","0"
"20.11.10.00","6407","35","625","5703","30","79","","10711","354960","20.11.10.00","27653","100","2008","25160","485","","16396","1597281","7891","97189","2294","35407","0"
"20.11.09.00","6372","46","621","5673","23","78","","10711","354960","20.11.09.00","27553","126","2044","25029","480","","16396","1597281","7891","97189","2294","35407","0"
"20.11.08.00","6326","54","598","5650","11","78","","10711","354960","20.11.08.00","27427","143","1981","24968","478","","16396","1597281","7891","97189","2294","35407","0"
"20.11.07.00","6272","37","555","5639","12","78","","10711","354960","20.11.07.00","27284","89","1897","24910","477","","16396","1597281","7891","97189","2294","35407","0"
"20.11.06.00","6235","40","-370","6527","21","78","","10711","354960","20.11.06.00","27195","145","1898","24821","476","","16396","1597281","7891","97189","2294","35407","0"
"20.11.05.00","6195","50","511","5606","34","78","","10711","354960","20.11.05.00","27050","125","1840","24735","475","","16396","1597281","7891","97189","2294","35407","0"
"20.11.04.00","6145","42","495","5572","27","78","","10711","354960","20.11.04.00","26925","118","1835","24616","474","","16396","1597281","7891","97189","2294","35407","0"
"20.11.03.00","6103","22","480","5545","45","78","","10711","354960","20.11.03.00","26807","75","1825","24510","472","","16396","1597281","7891","97189","2294","35407","0"
"20.11.02.00","6081","25","503","5500","4","78","","10711","354960","20.11.02.00","26732","97","1869","24395","468","","16396","1597281","7891","97189","2294","35407","0"
"20.11.01.00","6056","45","482","5496","1","78","","10711","354960","20.11.01.00","26635","124","1812","24357","466","","16396","1597281","7891","97189","2294","35407","0"
"20.10.30.00","5960","48","407","5475","13","78","","10711","354960","20.10.30.00","26385","114","1695","24227","463","","16396","1597281","7891","97189","2294","35407","0"
"20.10.30.00","5960","48","407","5475","13","78","","10711","354960","20.10.30.00","26385","114","1695","24227","463","","16396","1597281","7891","97189","2294","35407","0"
"20.10.29.00","5912","36","372","5462","28","78","","10711","354960","20.10.29.00","26271","125","1641","24168","462","","16396","1597281","7891","97189","2294","35407","0"
"20.10.28.00","5876","25","365","5434","40","77","","10711","354960","20.10.28.00","26146","103","1612","24073","461","","16396","1597281","7891","97189","2294","35407","0"
"20.10.27.00","5851","24","381","5394","18","76","","10711","354960","20.10.27.00","26043","88","1602","23981","460","","16396","1597281","7891","97189","2294","35407","0"
"20.10.26.00","5827","20","385","5368","18","74","","10711","354960","20.10.26.00","25955","119","1593","23905","457","","16396","1597281","7891","97189","2294","35407","0"
"20.10.25.00","5807","17","383","5350","0","74","","10711","354960","20.10.25.00","25836","61","1510","23869","457","","16396","1597281","7891","97189","2294","35407","0"
"20.10.24.00","5790","22","366","5350","46","74","","10711","354960","20.10.24.00","25775","77","1484","23834","457","","16396","1597281","7891","97189","2294","35407","0"
"20.10.23.00","5768","20","390","5304","21","74","","10711","354960","20.10.23.00","25698","155","1526","23717","455","","16396","1597281","7891","97189","2294","35407","0"
"20.10.22.00","5748","18","391","5283","15","74","","10711","354960","20.10.22.00","25543","121","1443","23647","453","","16396","1597281","7891","97189","2294","35407","0"
"20.10.21.00","5730","17","391","5268","51","71","","10711","354960","20.10.21.00","25424","91","1390","23584","450","","16396","1597281","7891","97189","2294","35407","0"
"20.10.20.00","5713","11","427","5217","56","69","","10711","354960","20.10.20.00","25333","58","1420","23466","447","","16396","1597281","7891","97189","2294","35407","0"
"20.10.19.00","5702","14","472","5161","29","69","","10711","354960","20.10.19.00","25275","76","1463","23368","444","","16396","1597281","7891","97189","2294","35407","0"
"20.10.18.00","5688","20","487","5132","13","69","","10711","354960","20.10.18.00","25199","91","1443","23312","444","","16396","1597281","7891","97189","2294","35407","0"
"20.10.17.00","5668","18","481","5119","29","68","","10711","354960","20.10.17.00","25108","73","1407","23258","443","","16396","1597281","7891","97189","2294","35407","0"
"20.10.16.00","5650","18","492","5091","36","67","","10711","354960","20.10.16.00","25035","47","1414","23180","441","","16396","1597281","7891","97189","2294","35407","0"
"20.10.15.00","5632","25","511","5055","5","66","","10711","354960","20.10.15.00","24988","110","1467","23082","439","","16396","1597281","7891","97189","2294","35407","0"
"20.10.14.00","5607","23","491","5050","85","66","","10711","354960","20.10.14.00","24889","84","1421","23030","438","","16396","1597281","7891","97189","2294","35407","0"
"20.10.13.00","5584","20","554","4965","71","65","","10711","354960","20.10.13.00","24805","102","1508","22863","434","","16396","1597281","7891","97189","2294","35407","0"
"20.10.12.00","5564","31","606","4894","16","64","","10711","354960","20.10.12.00","24703","97","1541","22729","433","","16396","1597281","7891","97189","2294","35407","0"
"20.10.11.00","5533","23","591","4878","31","64","","10711","354960","20.10.11.00","24606","58","1481","22693","432","","16396","1597281","7891","97189","2294","35407","0"
"20.10.10.00","5510","25","600","4847","1","63","","10711","354960","20.10.10.00","24548","72","1494","22624","430","","16396","1597281","7891","97189","2294","35407","0"
"20.10.09.00","5485","22","577","4846","37","62","","10711","354960","20.10.09.00","24476","54","1479","22569","428","","16396","1597281","7891","97189","2294","35407","0"
"20.10.08.00","5463","20","592","4809","73","62","","10711","354960","20.10.08.00","24422","69","1532","22463","427","","16396","1597281","7891","97189","2294","35407","0"
"20.10.07.00","5443","33","646","4736","152","61","","10711","354960","20.10.07.00","24353","114","1594","22334","425","","16396","1597281","7891","97189","2294","35407","0"
"20.10.06.00","5410","15","765","4584","109","61","","10711","354960","20.10.06.00","24239","75","1734","22083","422","","16396","1597281","7891","97189","2294","35407","0"
"20.10.05.00","5395","19","859","4475","9","61","","10711","354960","20.10.05.00","24164","73","1856","21886","422","","16396","1597281","7891","97189","2294","35407","0"
"20.10.04.00","5376","16","850","4466","10","60","","10711","354960","20.10.04.00","24091","64","1825","21845","421","","16396","1597281","7891","97189","2294","35407","0"
"20.10.03.00","5360","26","845","4456","11","59","","10711","354960","20.10.03.00","24027","75","1820","21787","420","","16396","1597281","7891","97189","2294","35407","0"
"20.10.02.00","5334","11","832","4445","12","57","","10711","354960","20.10.02.00","23952","63","1803","21733","416","","16396","1597281","7891","97189","2294","35407","0"
"20.10.01.00","5323","30","833","4433","18","57","","10711","354960","20.10.01.00","23889","77","1808","21666","415","","16396","1597281","7891","97189","2294","35407","0"
"20.09.30.00","5293","51","822","4415","14","56","","10711","354960","20.09.30.00","23812","113","1809","21590","413","","16396","1597281","7891","97189","2294","35407","0"
"20.09.29.00","5242","11","787","4401","75","54","","10711","354960","20.09.29.00","23699","38","1822","21470","407","","16396","1597281","7891","97189","2294","35407","0"
"20.09.28.00","5231","19","847","4330","4","54","","10711","354960","20.09.28.00","23661","50","1963","21292","406","","16396","1597281","7891","97189","2294","35407","0"
"20.09.27.00","5212","34","833","4326","10","53","","10711","354960","20.09.27.00","23611","95","1962","21248","401","","16396","1597281","7891","97189","2294","35407","0"
"20.09.26.00","5178","26","809","4316","89","53","","10711","354960","20.09.26.00","23516","61","1451","21666","399","","16396","1597281","7891","97189","2294","35407","0"
"20.09.25.00","5152","57","872","4228","55","52","","10711","354960","20.09.25.00","23455","114","2082","20978","395","","16396","1597281","7891","97189","2294","35407","0"
"20.09.24.00","5095","39","872","4173","63","50","","10711","354960","20.09.24.00","23341","125","2116","20832","393","","16396","1597281","7891","97189","2294","35407","0"
"20.09.23.00","5056","40","897","4110","76","49","","10711","354960","20.09.23.00","23216","110","2178","20650","388","","16396","1597281","7891","97189","2294","35407","0"
"20.09.22.00","5016","21","933","4034","49","49","","10711","354960","20.09.22.00","23106","61","2277","20441","388","","16396","1597281","7891","97189","2294","35407","0"
"20.09.21.00","4995","23","962","3985","24","48","","10711","354960","20.09.21.00","23045","70","2412","20248","385","","16396","1597281","7891","97189","2294","35407","0"
"20.09.20.00","4972","28","964","3961","73","47","","10711","354960","20.09.20.00","22975","82","2434","20158","383","","16396","1597281","7891","97189","2294","35407","0"
"20.09.19.00","4944","40","1010","3888","47","46","","10711","354960","20.09.19.00","22893","110","2545","19970","378","","16396","1597281","7891","97189","2294","35407","0"
"20.09.18.00","4904","46","1017","3841","93","46","","10711","354960","20.09.18.00","22783","126","2635","19771","377","","16396","1597281","7891","97189","2294","35407","0"
"20.09.17.00","4857","63","1066","3748","54","43","","10711","354960","20.09.17.00","22657","153","2742","19543","372","","16396","1597281","7891","97189","2294","35407","0"
"20.09.16.00","4794","51","1058","3694","201","42","","10711","354960","20.09.16.00","22504","133","2827","19310","367","","16396","1597281","7891","97189","2294","35407","0"
"20.09.15.00","4743","32","1208","3493","217","42","","10711","354960","20.09.15.00","22391","106","3146","18878","367","","16396","1597281","7891","97189","2294","35407","0"
"20.09.14.00","4711","41","1395","3276","164","40","","10711","354960","20.09.14.00","22285","109","3433","18489","363","","16396","1597281","7891","97189","2294","35407","0"
"20.09.13.00","4670","31","1520","3112","41","38","","10711","354960","20.09.13.00","22176","121","3592","18226","358","","16396","1597281","7891","97189","2294","35407","0"
"20.09.12.00","4639","50","1533","3071","234","35","","10711","354960","20.09.12.00","22055","136","3671","18029","355","","16396","1597281","7891","97189","2294","35407","0"
"20.09.11.00","4589","63","1718","2837","75","34","","10711","354960","20.09.11.00","21919","176","3953","17616","350","","16396","1597281","7891","97189","2294","35407","0"
"20.09.10.00","4526","48","1732","2762","119","32","","10711","354960","20.09.10.00","21743","155","4037","17360","346","","16396","1597281","7891","97189","2294","35407","0"
"20.09.09.00","4478","49","1803","2643","206","32","","10711","354960","20.09.09.00","21588","156","4221","17023","344","","16396","1597281","7891","97189","2294","35407","0"
"20.09.08.00","4429","67","1960","2437","171","32","","10711","354960","20.09.08.00","21432","136","4455","16636","341","","16396","1597281","7891","97189","2294","35407","0"
"20.09.07.00","4362","48","2068","2266","41","28","","10711","354960","20.09.07.00","21296","119","4663","16297","336","","16396","1597281","7891","97189","2294","35407","0"
"20.09.06.00","4314","63","2063","2225","5","26","","10711","354960","20.09.06.00","21177","167","4697","16146","334","","16396","1597281","7891","97189","2294","35407","0"
"20.09.05.00","4251","51","2006","2220","45","25","","10711","354960","20.09.05.00","21010","168","4668","16009","333","","16396","1597281","7891","97189","2294","35407","0"
"20.09.04.00","4201","68","2001","2176","63","24","","10711","354960","20.09.04.00","20842","198","4728","15783","331","","16396","1597281","7891","97189","2294","35407","0"
"20.09.03.00","4131","69","1996","2111","63","24","","10711","354960","20.09.03.00","20644","195","4786","15529","329","","16396","1597281","7891","97189","2294","35407","0"
"20.09.02.00","4062","101","1990","2048","47","24","","10711","354960","20.09.02.00","20449","267","4767","15356","326","","16396","1597281","7891","97189","2294","35407","0"
"20.09.01.00","3961","94","1937","2001","112","23","","10711","354960","20.09.01.00","20182","235","4660","15198","324","","16396","1597281","7891","97189","2294","35407","0"
"20.08.31.00","3867","94","1945","1899","11","23","","10711","354960","20.08.31.00","19947","248","4650","14973","324","","16396","1597281","7891","97189","2294","35407","0"
"20.08.30.00","3773","116","1863","1888","1","22","","10711","354960","20.08.30.00","19699","299","4473","14903","323","","16396","1597281","7891","97189","2294","35407","0"
"20.08.29.00","3657","125","1750","1887","125","20","","10711","354960","20.08.29.00","19400","323","4314","14765","321","","16396","1597281","7891","97189","2294","35407","0"
"20.08.28.00","3532","146","1751","1762","29","19","","10711","354960","20.08.28.00","19077","371","4210","14551","316","","16396","1597281","7891","97189","2294","35407","0"
"20.08.27.00","3386","154","1636","1733","34","17","","10711","354960","20.08.27.00","18706","441","3932","14461","313","","16396","1597281","7891","97189","2294","35407","0"
"20.08.26.00","3232","112","1516","1699","28","17","","10711","354960","20.08.26.00","18265","320","3585","14368","312","","16396","1597281","7891","97189","2294","35407","0"
"20.08.25.00","3120","134","1433","1671","32","16","","10711","354960","20.08.25.00","17945","280","3349","14286","310","","16396","1597281","7891","97189","2294","35407","0"
"20.08.24.00","2986","97","1331","1639","0","16","","10711","354960","20.08.24.00","17665","266","3137","14219","309","","16396","1597281","7891","97189","2294","35407","0"
"20.08.23.00","2889","140","1234","1639","0","16","","10711","354960","20.08.23.00","17399","397","2890","14200","309","","16396","1597281","7891","97189","2294","35407","0"
"20.08.22.00","2749","128","1094","1639","17","16","","10711","354960","20.08.22.00","17002","332","2524","14169","309","","16396","1597281","7891","97189","2294","35407","0"
"20.08.21.00","2621","126","983","1622","21","16","","10711","354960","20.08.21.00","16670","324","2241","14120","309","","16396","1597281","7891","97189","2294","35407","0"
"20.08.20.00","2495","135","879","1601","13","15","","10711","354960","20.08.20.00","16346","288","1976","14063","307","","16396","1597281","7891","97189","2294","35407","0"
"20.08.19.00","2360","151","758","1588","15","14","","10711","354960","20.08.19.00","16058","297","1746","14006","306","","16396","1597281","7891","97189","2294","35407","0"
"20.08.18.00","2209","132","622","1573","2","14","","10711","354960","20.08.18.00","15761","246","1521","13934","306","","16396","1597281","7891","97189","2294","35407","0"
"20.08.17.00","2077","90","493","1571","0","13","","10711","354960","20.08.17.00","15515","197","1293","13917","305","","16396","1597281","7891","97189","2294","35407","0"
"20.08.16.00","1987","146","403","1571","0","13","","10711","354960","20.08.16.00","15318","279","1103","13910","305","","16396","1597281","7891","97189","2294","35407","0"
"20.08.15.00","1841","74","257","1571","7","13","","10711","354960","20.08.15.00","15039","166","833","13901","305","","16396","1597281","7891","97189","2294","35407","0"
"20.08.14.00","1767","32","190","1564","8","13","","10711","354960","20.08.14.00","14873","103","705","13863","305","","16396","1597281","7891","97189","2294","35407","0"
"20.08.13.00","1735","26","166","1556","7","13","","10711","354960","20.08.13.00","14770","56","648","13817","305","","16396","1597281","7891","97189","2294","35407","0"
"20.08.12.00","1709","15","147","1549","15","13","","10711","354960","20.08.12.00","14714","54","623","13786","305","","16396","1597281","7891","97189","2294","35407","0"
"20.08.11.00","1694","6","147","1534","1","13","","10711","354960","20.08.11.00","14660","34","626","13729","305","","16396","1597281","7891","97189","2294","35407","0"
"20.08.10.00","1688","13","159","1516","1","13","365671","10711","354960","20.08.10.00","14626","28","663","13658","305","1628303","16396","1597281","7891","97189","2294","35407","0"
"20.08.09.00","1675","13","147","1515","1","13","364796","10606","354190","20.08.09.00","14598","36","651","13642","305","1624650","16803","1593249","7864","96474","2159","35397","0"
"20.08.08.00","1662","17","135","1514","12","13","363698","10414","353284","20.08.08.00","14562","43","629","13629","304","1620514","16105","1589847","7682","95603","2080","35307","0"
"20.08.07.00","1645","9","130","1502","15","13","362228","10391","351837","20.08.07.00","14519","20","673","13543","303","1599133","17068","1582065","7481","95070","2192","35129","0"
"20.08.06.00","1636","9","137","1487","12","12","360452","11135","349317","20.08.06.00","14499","43","697","13500","302","1591988","18031","1573957","7437","94591","2264","34988","0"
"20.08.05.00","1627","6","140","1475","12","12","358074","11202","346872","20.08.05.00","14456","33","748","13406","302","1583731","18490","1565241","7264","94028","2225","34906","0"
"20.08.04.00","1421","9","-53","1463","14","11","355722","11017","344705","20.08.04.00","14423","34","770","13352","301","1575357","18724","1556633","7111","93620","2246","34804","0"
"20.08.03.00","1612","5","152","1449","7","11","354151","11027","343124","20.08.03.00","14389","23","808","13280","301","1565368","17401","1547967","7022","92605","2227","34773","0"
"20.08.02.00","1607","5","154","1442","8","11","353323","10917","342406","20.08.02.00","14366","30","806","13259","301","1561880","17768","1544112","6428","91296","2422","34542","0"
"20.08.01.00","1602","2","157","1434","10","11","352175","11066","341109","20.08.01.00","14336","31","802","13233","301","1557494","18278","1539216","6428","91296","2422","34542","0"
"20.07.31.00","1600","8","165","1424","7","11","350384","11185","339199","20.07.31.00","14305","36","821","13183","301","1549491","18330","1531161","6332","90716","2528","34248","0"
"20.07.30.00","1592","3","164","1417","7","11","347944","10991","336953","20.07.30.00","14269","18","837","13132","300","1541946","19018","1522928","6254","90166","2503","34125","0"
"20.07.29.00","1589","9","168","1410","10","11","345761","10862","334899","20.07.29.00","14251","48","882","13069","300","1533056","19326","1513730","6115","89543","2367","34020","0"
"20.07.28.00","1580","6","169","1400","16","11","343297","10820","332477","20.07.28.00","14203","28","896","13007","300","1523501","20444","1503057","6187","89071","2428","33884","0"
"20.07.27.00","1574","9","179","1384","1","11","341308","10753","330555","20.07.27.00","14175","25","971","12905","299","1512799","18770","1494029","6252","73897","2492","33589","0"
"20.07.26.00","1565","7","171","1383","2","11","340728","10660","330068","20.07.26.00","14150","58","962","12890","298","1508776","19214","1489562","6581","73011","2546","33475","0"
"20.07.25.00","1558","11","166","1381","13","11","339580","10455","329125","20.07.25.00","14092","113","928","12866","298","1504542","19681","1484861","6539","86170","2453","33304","0"
"20.07.24.00","1547","21","168","1368","7","11","337963","10377","327586","20.07.24.00","13979","41","864","12817","298","1496348","20559","1475789","6556","85657","2405","33144","0"
"20.07.23.00","1526","12","154","1361","15","11","335468","10169","325299","20.07.23.00","13938","59","883","12758","297","1486916","21418","1465498","6662","85078","2371","32982","0"
"20.07.22.00","1514","16","157","1346","6","11","332701","10317","322384","20.07.22.00","13879","63","884","12698","297","1478192","21751","1456441","6886","84287","2286","32818","0"
"20.07.21.00","1498","21","148","1340","18","10","330790","10389","320401","20.07.21.00","13816","45","877","12643","296","1468574","23864","1444710","7071","83685","2457","32407","0"
"20.07.20.00","1477","3","145","1322","2","10","329326","10416","318910","20.07.20.00","13771","26","903","12572","296","1456422","21302","1435120","6942","82817","2429","32393","0"
"20.07.19.00","1474","10","145","1320","2","9","328725","10468","318257","20.07.19.00","13745","34","895","12556","294","1451554","21953","1429601","7182","81950","2522","32214","0"
"20.07.18.00","1464","6","137","1318","18","9","327723","10206","317517","20.07.18.00","13711","60","898","12519","294","1446493","22923","1423570","7280","80969","2552","31978","0"
"20.07.17.00","1458","9","149","1300","14","9","325153","9988","315165","20.07.17.00","13672","60","919","12460","293","1437345","23110","1414235","7599","80074","2645","31849","0"
"20.07.16.00","1449","7","154","1286","11","9","322919","9960","312959","20.07.16.00","13612","61","925","12396","291","1427736","23404","1404332","7693","79430","2403","31633","0"
"20.07.15.00","1442","6","158","1275","31","9","320342","9847","310495","20.07.15.00","13551","39","914","12348","289","1417765","23297","1394468","7870","78632","2535","31360","0"
"20.07.14.00","1436","7","183","1244","27","9","318146","9753","308393","20.07.14.00","13512","33","941","12282","289","1407104","24289","1382815","7965","78068","2653","31144","0"
"20.07.13.00","1429","13","203","1217","8","9","316183","9652","206531","20.07.13.00","13479","62","986","12204","289","1394833","21845","1372988","7669","77341","5176","36421","0"
"20.07.12.00","1416","7","198","1209","11","9","315405","9595","305810","20.07.12.00","13417","44","951","12178","288","1388727","21830","1366897","7733","76618","2827","30704","0"
"20.07.11.00","1409","8","202","1198","16","9","313457","9409","304048","20.07.11.00","13373","35","941","12144","288","1394355","22950","1371405","7848","75667","2932","30483","0"
"20.07.10.00","1401","8","210","1182","11","9","310940","9309","301631","20.07.10.00","13338","45","985","12065","288","1371552","23527","1348025","7839","75175","2963","31156","0"
"20.07.09.00","1393","8","213","1171","11","9","307608","9285","298323","20.07.09.00","13293","50","-10013","23019","287","1358478","23912","1334566","7737","74707","2961","29978","0"
"20.07.08.00","1385","10","216","1160","16","9","305590","9122","296468","20.07.08.00","13244","63","989","11970","285","1346491","24012","1322479","7969","74116","2971","29586","0"
"20.07.07.00","1375","3","223","1144","34","8","301998","9423","292575","20.07.07.00","13181","44","982","11914","285","1333013","23675","1309338","7853","73639","3024","29586","0"
"20.07.06.00","1372","3","254","1110","5","8","299905","9463","290442","20.07.06.00","13127","48","1005","11838","284","1318659","21292","1297367","7737","72733","2962","29520","0"
"20.07.05.00","1369","16","256","1105","2","8","299274","8363","289911","20.07.05.00","13091","61","976","11832","283","1312961","21646","1291315","7980","71830","2925","29367","0"
"20.07.04.00","1353","7","242","1103","18","8","297201","9131","288070","20.07.04.00","13030","63","936","11811","283","1306493","22321","1284172","7888","70929","2978","29129","0"
"20.07.03.00","1346","12","254","1085","31","7","294510","8956","285554","20.07.03.00","12967","63","926","11759","282","1294794","21560","1273234","7622","70320","2897","29070","0"
"20.07.02.00","1334","13","273","1054","28","7","291561","8881","282680","20.07.02.00","12904","54","938","11684","282","1283058","19782","1263276","7650","69656","2953","28878","0"
"20.07.01.00","1321","9","288","1026","41","7","287875","8911","278964","20.07.01.00","12850","51","955","11613","282","1272381","19526","1252855","7334","69179","3047","28661","0"
"20.06.30.00","1312","7","320","985","43","7","283897","8937","274960","20.06.30.00","12800","43","981","11537","282","1260966","20809","1240157","7343","68608","2986","28353","0"
"20.06.29.00","1305","7","356","942","19","7","281411","8939","272472","20.06.29.00","12757","42","1046","11429","282","1247197","18499","1228698","7346","67879","2935","28353","0"
"20.06.28.00","1298","14","368","923","12","7","280610","8999","271611","20.06.28.00","12715","63","1069","11364","282","1238980","19005","1219975","7372","67003","2901","28226","0"
"20.06.27.00","1267","17","417","843","82","7","273470","8486","264984","20.06.27.00","12602","39","1148","11172","282","1219713","18828","1200885","7582","65346","3299","26790","0"
"20.06.27.00","1284","17","366","911","68","7","277742","8500","269242","20.06.27.00","12653","51","1054","11317","282","1231127","19866","1211261","7446","65972","3447","27250","0"
"20.06.25.00","1250","9","483","761","14","6","261515","8374","261515","20.06.25.00","12563","28","1307","10974","282","1207915","18900","1189015","7763","64702","3399","26790","0"
"20.06.24.00","1241","11","488","747","4","6","266197","8491","257706","20.06.24.00","12535","51","1324","10930","281","1196062","20245","1175817","7789","64085","3331","26651","0"
"20.06.23.00","1230","6","481","743","10","6","262035","8954","253081","20.06.23.00","12484","46","1295","10908","281","1183528","22278","1161250","7989","63408","3763","26131","0"
"20.06.21.00","1219","17","480","733","3","6","258808","8612","250196","20.06.21.00","12421","48","1273","10868","280","1163988","20071","1143917","8117","61925","3722","25790","0"
"20.06.21.00","1219","17","480","733","3","6","258808","8612","250196","20.06.21.00","12373","48","1237","10856","280","1158528","21470","1137058","8117","61925","3722","25790","0"
"20.06.20.00","1202","14","466","730","6","6","255957","8460","247497","20.06.20.00","12373","67","1237","10856","280","1158525","21470","1137058","8300","60830","3601","25790","0"
"20.06.19.00","1188","18","458","724","6","6","251983","8386","243597","20.06.19.00","12306","49","1191","10835","280","1145757","21190","1124567","8456","60072","3464","25452","0"
"20.06.18.00","1170","25","446","718","8","6","248253","8506","239747","20.06.18.00","12257","59","1177","10800","280","1133455","21714","1111741","8831","59293","3464","25452","0"
"20.06.17.00","1145","13","430","710","7","5","244286","8479","235807","20.06.17.00","12198","43","1145","10774","279","1120625","21489","1099136","8977","58493","3455","25205","0"
"20.06.16.00","1132","12","425","703","14","4","239947","8696","231251","20.06.16.00","12155","34","1117","10760","278","1107612","22632","1084980","8933","57963","3582","24866","0"
"20.06.15.00","1120","7","427","689","0","4","237541","8762","228779","20.06.15.00","12121","37","1114","10730","277","1093598","20793","1072805","8966","57200","3745","24575","0"
"20.06.14.00","1113","12","420","689","1","4","236725","8983","227742","20.06.14.00","12085","34","1090","10718","277","1088243","21356","1066887","9054","56228","3759","24446","0"
"20.06.13.00","1101","29","409","688","8","4","233862","8981","224881","20.06.13.00","12051","49","1083","10691","277","1082653","23352","1059301","9011","55243","4010","23832","0"
"20.06.12.00","1073","25","389","680","5","4","230103","9585","220518","20.06.12.00","12003","56","1057","10669","277","1069484","24244","1045240","8795","54845","4279","23168","0"
"20.06.11.00","1048","19","369","675","9","4","225425","9512","215913","20.06.11.00","11947","45","1017","10654","276","1054941","25494","1029447","8868","54125","4229","22587","0"
"20.06.10.00","1027","8","357","666","2","4","220349","9259","211090","20.06.10.00","11902","50","1015","10611","276","1040070","26223","1013847","8698","53665","4221","22263","0"
"20.06.09.00","1015","18","347","664","13","4","215545","9079","206466","20.06.09.00","11852","38","989","10589","274","1024145","27459","996686","8546","53130","4451","21795","0"
"20.06.07.10","996","17","341","651","1","4","213160","8869","204291","20.06.07.00","11814","38","978","10563","273","1006400","24374","982026","8471","52469","4338","21737","0"
"20.06.07.00","974","22","319","651","1","4","211327","8551","202776","20.06.07.00","11776","57","951","10552","273","1000993","26481","974512","7923","51921","4384","21408","0"
"20.06.06.00","947","18","293","650","5","4","209126","8521","200605","20.06.06.00","11719","51","915","10531","273","993586","27954","965632","7708","51043","4456","20888","0"
"20.06.05.00","924","8","275","645","1","4","205416","8572","196844","20.06.05.00","11668","39","889","10506","273","979292","28766","950526","7481","50517","4274","20750","0"
"20.06.04.00","909","13","261","644","5","4","200509","8797","191712","20.06.04.00","11629","39","857","10499","273","962229","28199","934030","7281","49934","4312","20545","0"
"20.06.03.00","896","18","253","639","1","4","196379","8793","187586","20.06.03.00","11590","49","850","10467","273","945262","27865","917397","7022","49383","3938","20528","0"
"20.06.02.00","876","13","234","638","11","4","192327","8627","183700","20.06.02.00","11541","38","823","10446","272","928310","28922","899388","7040","48832","4018","20248","0"
"20.06.01.00","862","1","231","627","0","4","188476","8533","179943","20.06.01.00","11503","35","810","10422","271","909888","24058","885830","7068","48046","3896","20136","0"
"20.05.31.00","861","6","230","627","0","4","187770","8707","179063","20.05.31.00","11468","27","793","10405","270","899354","23294","876060","7229","47259","3905","19849","0"
"20.05.30.00","855","9","224","627","4","4","184309","8267","176042","20.05.30.00","11441","39","774","10398","269","891460","26298","865162","7159","46529","3436","19755","0"
"20.05.29.00","846","18","219","623","2","4","180585","7754","172831","20.05.29.00","11402","58","770","10363","269","873718","24557","849161","7203","46089","2525","19599","0"
"20.05.28.00","826","19","201","621","3","4","177473","8024","169449","20.05.28.00","11344","79","735","10340","269","857322","22370","834952","7433","45336","2398","19435","0"
"20.05.27.00","802","10","180","618","4","4","173701","8721","164980","20.05.27.00","11265","40","701","10295","269","841611","21061","820550","7425","44886","2490","19002","0"
"20.05.26.00","783","7","165","614","7","4","170513","8805","161708","20.05.26.00","11225","19","681","10275","269","828250","22044","806206","7381","44390","2665","18673","0"
"20.05.25.00","774","6","163","607","3","4","168751","8850","159901","20.05.25.00","11206","16","713","10226","267","815231","19089","796142","7600","43921","2629","18515","0"
"20.05.24.00","768","6","160","604","0","4","168055","8892","159163","20.05.24.00","11190","25","711","10213","266","809099","20333","788766","8170","42863","2863","18188","0"
"20.05.23.00","762","3","154","604","5","4","165744","8598","157146","20.05.23.00","11165","23","705","10194","266","803255","21569","781686","8178","41964","3406","17603","0"
"20.05.22.00","758","2","155","599","3","4","162845","8409","154436","20.05.22.00","11142","20","716","10162","264","791276","20286","770990","8182","41437","3438","17392","0"
"20.05.21.00","756","3","156","596","4","4","159705","8385","151320","20.05.21.00","11122","12","723","10135","264","777562","18089","759473","8221","40810","3742","16963","0"
"20.05.20.00","752","2","156","592","5","4","155822","8265","147557","20.05.20.00","11110","32","781","10066","263","765323","16351","748972","8157","40317","3710","16674","0"
"20.05.19.00","742","6","151","587","8","4","152205","8590","143615","20.05.19.00","11078","13","877","9938","263","754496","16925","737571","8269","39680","3662","16585","0"
"20.05.18.00","736","1","153","579","4","4","148787","8667","140120","20.05.18.00","11065","15","898","9904","263","742146","16093","726053","8142","39008","3299","16464","0"
"20.05.17.00","735","4","156","575","1","4","147613","8437","139176","20.05.17.00","11050","19","900","9888","262","736603","17660","718943","8307","38108","3230","16416","0"
"20.05.16.00","730","5","152","574","5","4","143595","8241","135354","20.05.16.00","11037","19","924","9851","262","729608","18343","711265","8477","37208","2890","16380","0"
"20.05.15.00","724","10","151","569","5","4","138788","8297","130491","20.05.15.00","11018","27","937","9821","260","715729","19875","695854","8734","36512","2555","16326","0"
"20.05.14.00","711","3","143","564","6","4","133600","7612","125988","20.05.14.00","10991","29","969","9762","260","700493","20722","679771","8619","35874","2418","16316","0"
"20.05.13.00","707","4","146","558","5","3","129076","6821","122255","20.05.13.00","10962","26","1008","9695","259","684958","19579","665379","8795","35251","2123","16230","0"
"20.05.12.00","695","5","139","554","7","2","126464","6296","120168","20.05.12.00","10936","27","1008","9670","258","669954","16330","653624","8770","34778","1608","16204","0"
"20.05.11.00","683","14","134","547","6","2","124530","5957","118573","20.05.11.00","10909","35","1021","9632","256","657583","10922","646661","9053","34019","1279","16147","0"
"20.05.10.00","663","5","120","541","5","2","123889","5726","118163","20.05.10.00","10874","34","1008","9610","256","653012","10128","642884","8761","33241","1061","16133","0"
"20.05.09.00","649","1","111","536","16","2","123201","5468","117733","20.05.09.00","10840","18","1016","9568","256","649190","9153","640037","8657","32467","607","16118","0"
"20.05.08.00","637","0","115","520","12","2","124842","8002","116840","20.05.08.00","10822","12","1082","9484","256","644041","8867","635174","8855","31745","634","16086","0"
"20.05.07.00","637","0","127","508","14","2","120284","5295","114989","20.05.07.00","10810","4","1135","9419","256","638578","8429","630149","8866","31105","659","16032","0"
"20.05.06.00","637","0","141","494","5","2","119423","5338","114085","20.05.06.00","10806","2","1218","9333","255","632289","8009","624280","8877","30575","654","15988","0"
"20.05.05.00","637","0","146","489","8","2","118241","5204","113037","20.05.05.00","10804","3","1267","9283","254","629433","8858","620575","9104","30180","662","15961","0"
"20.05.04.00","637","0","154","481","8","2","117774","5326","112448","20.05.04.00","10801","8","1332","9217","252","623120","8176","614944","9324","29476","895","15717","0"
"20.05.03.00","637","2","162","473","10","2","117436","5323","112113","20.05.03.00","10793","13","1360","9183","250","620180","8588","611592","9409","28407","948","15661","0"
"20.05.02.00","635","1","170","463","2","2","116857","5357","111500","20.05.02.00","10780","6","1407","9123","250","616782","8496","608286","9580","27337","952","15645","0"
"20.05.01.00","634","1","177","455","2","2","116120","5442","110678","20.05.01.00","10774","9","1454","9072","248","612295","8685","603610","10021","26590","1026","15537","0"
"20.04.30.00","633","0","178","453","16","2","114805","5474","109331","20.04.30.00","10765","4","1459","9059","247","609116","8634","600482","10492","25829","1104","15412","0"
"20.04.29.00","633","0","194","437","10","2","116149","8081","108068","20.04.29.00","10761","9","1593","8922","246","603436","8307","595129","10562","25112","1094","15384","0"
"20.04.28.00","633","4","204","427","34","2","111888","5589","106299","20.04.28.00","10752","14","1654","8854","244","597762","9203","588559","11041","24120","1204","15224","0"
"20.04.27.00","629","0","234","393","5","2","111108","5589","105519","20.04.27.00","10738","10","1731","8764","243","590922","8895","582027","12327","22491","1236","15144","0"
"20.04.26.00","629","0","239","388","5","2","110737","5538","105199","20.04.26.00","10728","10","1769","8717","242","587557","8999","578558","13016","21337","1296","15082","0"
"20.04.24.10","629","1","244","383","21","2","109708","5340","104368","20.04.24.00","10718","10","1843","8635","240","584443","9259","575184","14553","18993","1255","14964","0"
"20.04.24.00","628","0","264","362","20","2","108856","5363","103493","20.04.24.00","10708","6","1967","8501","240","578812","9600","569212","15321","17878","1393","14790","0"
"20.04.23.00","628","0","284","342","20","2","110134","7860","102274","20.04.23.00","10702","8","2051","8411","240","573269","10139","563130","15834","16730","1459","14640","0"
"20.04.22.00","628","0","304","322","0","2","105582","5289","100293","20.04.22.00","10694","0","2179","8277","238","567265","12121","555144","16298","15744","1443","14555","0"
"20.04.21.00","626","0","309","315","0","2","107115","7768","99347","20.04.21.00","10683","0","2233","8213","237","560331","12721","547610","17243","14406","1706","14168","0"
"20.04.20.00","624","0","318","304","0","2","102531","5259","97272","20.04.20.00","10674","0","2324","8114","236","552361","11981","540380","18002","12813","1984","13849","0"
"20.04.19.00","624","0","334","288","0","2","101675","5271","96404","20.04.19.00","10661","0","2385","8042","234","548448","12243","536205","18620","11487","2020","13625","0"
"20.04.18.00","622","0","346","274","0","2","100643","5211","95432","20.04.18.00","10653","0","2484","7937","232","544181","13550","530631","19285","10214","2352","13322","0"
"20.04.17.00","621","0","351","268","0","2","98561","5368","93193","20.04.17.00","10635","0","2576","7829","230","535828","14186","521642","18696","8481","2533","13009","0"
"20.04.16.00","619","0","367","250","0","2","96988","5318","91670","20.04.16.00","10613","0","2627","7757","229","528162","14268","513894","17029","6745","2943","12367","0"
"20.04.15.00","617","0","376","239","0","2","96012","5348","90664","20.04.15.00","10591","0","2750","7616","225","523961","15026","508935","23069","5866","3072","12202","0"
"20.04.14.00","612","0","382","228","0","2","94036","5407","88629","20.04.14.00","10564","0","2808","7534","222","516874","14651","502223","21934","4850","3546","11400","0"
"20.04.13.00","610","0","394","214","0","2","92481","5283","87198","20.04.13.00","10537","0","2873","7447","217","508206","13391","494815","17085","3922","3600","10998","0"
"20.04.12.00","602","0","398","202","0","2","92016","5178","86838","20.04.12.00","10512","0","2930","7368","214","504109","13788","490321","0","0","0","0","0"
"20.04.10.10","599","0","402","195","0","2","90896","5018","85878","20.04.10.00","10480","0","3026","7243","211","499999","14070","485929","0","0","0","0","0"
"20.04.10.00","595","0","408","185","0","2","89244","5044","84200","20.04.10.00","10450","0","3125","7117","208","492601","15298","477303","0","0","0","0","0"
"20.04.09.00","590","0","414","174","0","2","87743","4908","82835","20.04.09.00","10423","0","3246","6973","204","484288","15509","468779","0","0","0","0","0"
"20.04.08.00","578","0","407","169","0","2","83952","5011","80941","20.04.08.00","10384","0","3408","6776","200","457619","17858","457761","0","0","0","0","0"
"20.04.06.10","563","0","412","151","0","0","82514","4758","77756","20.04.06.00","10284","0","3500","6598","186","456520","19295","437225","0","0","0","0","0"
"20.04.06.00","563","0","412","151","0","0","82514","4758","77756","20.04.06.00","10284","0","3500","6598","186","456520","19295","437225","0","0","0","0","0"
"20.04.05.00","552","0","407","145","0","0","84394","6981","77413","20.04.05.00","10237","0","3591","6463","183","450996","19571","431425","0","0","0","0","0"
"20.04.04.00","528","0","384","144","0","0","83784","7234","76550","20.04.04.00","10156","0","3654","6325","177","444876","20144","424732","0","0","0","0","0"
"20.04.03.00","506","0","375","131","0","0","77907","4924","72983","20.04.03.00","10062","0","3867","6021","174","433211","18908","414303","0","0","0","0","0"
"20.04.02.00","488","0","361","127","0","0","75585","4747","70838","20.04.02.00","9976","0","3979","5828","169","421767","17885","403882","0","0","0","0","0"
"20.04.01.00","474","0","357","117","0","0","73638","4682","68956","20.04.01.00","9887","0","4155","5567","165","411660","16585","395075","0","0","0","0","0"
"20.03.31.00","450","0","343","107","0","0","71195","4600","66595","20.03.31.00","9786","0","4216","5408","162","400778","16892","383886","0","0","0","0","0"
"20.03.30.00","426","0","334","92","0","0","69343","4429","64914","20.03.30.00","9661","0","4215","5288","158","378447","13531","372002","0","0","0","0","0"
"20.03.28.10","391","0","298","93","0","0","67478","4232","63246","20.03.28.00","9478","0","4523","4811","144","378447","16564","361883","0","0","0","0","0"
"20.03.27.00","376","0","288","88","0","0","65952","4131","61821","20.03.27.00","9332","0","4665","4528","139","367629","15219","352410","0","0","0","0","0"
"20.03.26.00","361","0","280","81","0","0","63842","4081","59761","20.03.26.00","9241","0","4966","4144","131","355701","14369","341332","0","0","0","0","0"
"20.03.25.00","347","0","275","72","0","0","61924","4050","57874","20.03.25.00","9137","0","5281","3730","126","348759","14278","334481","0","0","0","0","0"
"20.03.25.00","347","0","275","72","0","0","61924","4050","57874","20.03.25.00","9137","0","5281","3730","126","348759","14278","334481","0","0","0","0","0"
"20.03.23.00","330","0","266","64","0","0","58180","4110","54076","20.03.23.00","8961","0","5684","3166","111","329075","13628","315447","0","0","0","0","0"
"20.03.23.00","330","0","266","64","0","0","58180","4110","54076","20.03.23.00","8961","0","5684","3166","111","329075","13628","315447","0","0","0","0","0"
"20.03.21.00","314","0","250","64","0","0","56445","4174","52271","20.03.21.00","8799","0","6085","2612","102","318710","15704","303006","0","0","0","0","0"
"20.03.20.00","299","0","235","64","0","0","50371","4067","50371","20.03.20.00","8652","0","6325","2233","94","308012","15525","292487","0","0","0","0","0"
"20.03.20.00","299","0","235","64","0","0","50371","4067","50371","20.03.20.00","8652","0","6325","2233","94","308012","15525","292487","0","0","0","0","0"
"20.03.19.00","282","0","224","58","0","0","52259","4415","47844","20.03.19.00","8565","0","6527","1947","91","298459","15904","282555","0","0","0","0","0"
"20.03.17.00","267","0","212","55","0","0","47856","4534","43322","20.03.17.00","8320","0","6838","1401","81","278396","17291","261105","0","0","0","0","0"
"20.03.16.10","254","0","202","52","0","0","46915","6133","40782","20.03.16.00","8236","0","7024","1137","75","266268","14971","251297","0","0","0","0","0"
"20.03.16.00","248","0","201","47","0","0","46915","6133","40782","20.03.16.00","8236","0","7024","1137","75","266268","14971","251297","0","0","0","0","0"
"20.03.14.10","240","0","196","44","0","0","42233","4136","38097","20.03.15.00","8162","0","7253","834","75","260020","16272","243778","0","0","0","0","0"
"20.03.14.00","238","0","194","44","0","0","42233","4136","38097","20.03.14.00","8086","0","7300","714","72","253249","17634","235615","0","0","0","0","0"
"20.03.12.10","225","0","185","40","0","0","35278","3759","31519","20.03.13.00","7979","0","7402","510","67","240668","17940","222728","0","0","0","0","0"
"20.03.11.10","205","0","168","37","0","0","35278","3759","31519","20.03.11.00","7755","0","7407","288","60","214640","18540","196100","0","0","0","0","0"
"20.03.11.00","193","0","156","37","0","0","35278","3759","31519","20.03.11.00","7755","0","7407","288","60","214640","18540","196100","0","0","0","0","0"
"20.03.10.00","141","0","110","31","0","0","33532","3634","29898","20.03.10.00","7513","0","7212","247","54","202631","18452","184179","0","0","0","0","0"
"20.03.08.10","120","0","92","28","0","0","29808","3381","26427","20.03.09.00","7382","0","7165","166","51","189236","17458","171778","0","0","0","0","0"
"20.03.07.10","114","0","88","26","0","0","28344","3719","24625","20.03.07.00","6767","0","6605","118","44","171422","19620","151802","0","0","0","0","0"
"20.03.06.10","108","0","81","27","0","0","26800","4136","22664","20.03.07.00","6767","0","6605","118","44","178189","19620","151802","0","0","0","0","0"
"20.03.05.10","105","0","79","26","0","0","24708","4414","20294","20.03.06.00","6284","0","6134","108","42","164740","21832","136624","0","0","0","0","0"
"20.03.04.10","99","0","73","26","0","0","21522","4308","17214","20.03.05.00","5776","0","5653","88","35","131379","21810","102965","0","0","0","0","0"
"20.03.03.10","98","0","82","16","0","0","18791","5491","13300","20.03.04.00","5328","0","5255","41","32","131379","28414","102965","0","0","0","0","0"
"20.03.02.10","92","0","92","0","0","0","14189","4104","10085","20.03.03.00","4812","0","4750","34","28","121039","35555","85484","0","0","0","0","0"
"20.03.01.10","86","0","86","0","0","0","13194","3932","9262","20.03.02.10","4212","0","4159","31","22","105379","33360","61825","0","0","0","0","0"
"20.02.29.10","77","0","77","0","0","0","12265","3672","8593","20.03.01.09","3526","0","3479","30","17","93459","32422","61037","0","0","0","0","0"
"20.02.28.10","65","0","65","0","0","0","10563","2810","7753","20.02.29.10","2931","0","2888","27","16","78830","30237","48593","0","0","0","0","0"
"20.02.28.10","65","0","65","0","0","0","8238","2279","5959","20.02.27.16","1766","0","1727","26","13","64886","25568","39318","0","0","0","0","0"
"20.02.27.09","55","0","55","0","0","0","8238","2279","5959","20.02.27.09","1595","0","1559","24","12","52292","20716","31576","0","0","0","0",""
"20.02.25.18","40","0","40","0","0","0","6878","1463","5415","20.02.25.18","1146","0","1113","22","11","39327","13880","25447","0","0","0","0",""
"20.02.25.09","31","0","31","0","0","0","5856","1112","4744","20.02.25.09","893","0","863","22","8","31923","11631","20292","0","0","0","0",""
"20.02.24.09","25","0","25","0","0","0","5197","949","4248","20.02.24.09","763","0","738","18","7","25577","8057","17520","0","0","0","0",""
"20.02.23.09","24","0","24","0","0","0","4656","767","3889","20.02.23.09","556","0","536","18","2","22077","6039","16038","0","0","0","0",""
"20.02.22.09","18","0","18","0","0","0","1125","54","1071","20.02.22.09","346","0","327","17","2","16196","3180","13016","0","0","0","0",""
"20.02.21.09","15","0","15","0","0","0","1125","54","1071","20.02.21.09","156","0","139","16","1","14660","2707","11953","0","0","0","0",""
"20.02.19.18","13","0","13","0","0","0","1071","71","1000","20.02.19.18","82","0","66","16","0","11122","1149","9973","0","0","0","0",""
"20.02.19.09","13","0","13","0","0","0","1000","53","947","20.02.19.09","46","0","34","12","0","10365","1030","9335","0","0","0","0",""
"20.02.18.09","12","0","12","0","0","0","947","71","876","20.02.18.09","31","0","21","10","0","9234","957","8277","0","0","0","0",""
"20.02.16.18","11","0","11","0","0","0","876","13","863","20.02.16.18","29","0","20","9","0","8132","485","7647","0","0","0","0",""
"20.02.16.09","11","0","11","0","0","0","864","24","840","20.02.16.09","29","0","20","9","0","7491","638","6853","0","0","0","0",""
"20.02.15.18","10","0","10","0","0","0","864","24","840","20.02.15.18","28","0","19","9","0","7491","638","6853","0","0","0","0",""
"20.02.14.09","10","0","10","0","0","0","802","61","741","20.02.14.09","28","0","21","7","0","6826","692","6134","0","0","0","0",""
"20.02.13.09","10","0","10","0","0","0","741","77","664","20.02.13.09","28","0","21","7","0","5769","670","5099","0","0","0","0",""
"20.02.12.09","10","0","10","0","0","0","664","97","567","20.02.12.09","28","0","24","4","0","5046","992","4054","0","0","0","0",""
"20.02.11.09","10","0","10","0","0","0","567","108","459","20.02.11.09","28","0","24","4","0","3083","531","2552","0","0","0","0",""
"20.02.09.18","10","0","10","0","0","0","414","45","414","20.02.09.18","27","0","24","3","0","2571","888","1683","0","0","0","0",""
"20.02.09.11","10","0","10","0","0","0","414","92","322","20.02.09.11","25","0","22","3","0","2315","960","1355","0","0","0","0",""
"20.02.07.18","10","0","10","0","0","0","322","115","207","20.02.07.18","24","0","22","2","0","1106","264","842","0","0","0","0",""
"20.02.06.09","11","0","11","0","0","0","192","28","164","20.02.06.09","24","0","23","1","0","591","169","693","0","0","0","0",""
"20.02.06.08","10","0","10","0","0","0","","16","148","20.02.06.08","23","0","22","1","0","591","174","522","0","0","0","0",""
"20.02.05.15","8","0","8","0","0","0","","16","148","20.02.05.15","18","0","18","0","0","200","174","522","0","0","0","0",""